nome_tavola,caption
Tav. C A.jpg,Tav. C A
Tav. C B.jpg,Tav. C B
Tav. CI A.jpg,Tav. CI A
Tav. CI A.jpg,Tav. CI A
Tav. CII A.jpg,Tav. CII A
Tav. CII B.jpg,Tav. CII B
Tav. CIV A.jpg,Tav. CIV A
Tav. CV A.jpg,Tav. CV A
Tav. CV B.jpg,Tav. CV B
Tav. CVI A.jpg,Tav. CVI A
Tav. CVI B.jpg,Tav. CVI B
Tav. III A.jpg,Tav. III A
Tav. III B.jpg,Tav. III B
Tav. IX A.jpg,Tav. IX A
Tav. IX B.jpg,Tav. IX B
Tav. L A.jpg,Tav. L A
Tav. L B.jpg,Tav. L B
Tav. LI A.jpg,Tav. LI A
Tav. LI B.jpg,Tav. LI B
Tav. LII A.jpg,Tav. LII A
Tav. LII B.jpg,Tav. LII B
Tav. LIX A.jpg,Tav. LIX A
Tav. LIX B.jpg,Tav. LIX B
Tav. LV A.jpg,Tav. LV A
Tav. LV B.jpg,Tav. LV B
Tav. LVI A.jpg,Tav. LVI A
Tav. LVI B.jpg,Tav. LVI B
Tav. LVII A.jpg,Tav. LVII A
Tav. LVII B.jpg,Tav. LVII B
Tav. LVIII A.jpg,Tav. LVIII A
Tav. LVIII B.jpg,Tav. LVIII B
Tav. LXXIV A.jpg,Tav. LXXIV A
Tav. LXXIV B.jpg,Tav. LXXIV B
Tav. LXXIX A.jpg,Tav. LXXIX A
Tav. LXXIX B.jpg,Tav. LXXIX B
Tav. LXXV A.jpg,Tav. LXXV A
Tav. LXXV B.jpg,Tav. LXXV B
Tav. LXXVI A.jpg,Tav. LXXVI A
Tav. LXXVI B.jpg,Tav. LXXVI B
Tav. LXXVI B.jpg,Tav. LXXVI B
Tav. LXXVII A.jpg,Tav. LXXVII A
Tav. LXXVII B.jpg,Tav. LXXVII B
Tav. LXXX A.jpg,Tav. LXXX A
Tav. LXXX B.jpg,Tav. LXXX B
Tav. LXXXI A.jpg,Tav. LXXXI A
Tav. LXXXI B.jpg,Tav. LXXXI B
Tav. LXXXII A.jpg,Tav. LXXXII A
Tav. LXXXII B.jpg,Tav. LXXXII B
Tav. V A.jpg,Tav. V A
Tav. VI A.jpg,Tav. VI A
Tav. VI B.jpg,Tav. VI B
Tav. VII A.jpg,Tav. VII A
Tav. VII B.jpg,Tav. VII B
Tav. VIII A.jpg,Tav. VIII A
Tav. VIII B.jpg,Tav. VIII B
Tav. X A.jpg,Tav. X A
Tav. X B.jpg,Tav. X B
Tav. XCIX B.jpg,Tav. XCIX B
Tav. XCIX B.jpg,Tav. XCIX B
Tav. XCVIII B.jpg,Tav. XCVIII B
Tav. XI A.jpg,Tav. XI A
Tav. XI B.jpg,Tav. XI B
Tav. XII A.jpg,Tav. XII A
Tav. XII B.jpg,Tav. XII B
Tav. XIII A.jpg,Tav. XIII A
Tav. XIII B.jpg,Tav. XIII B
Tav. XIV A.jpg,Tav. XIV A
Tav. XIV B.jpg,Tav. XIV B
Tav. XVI B.jpg,Tav. XVI B
Tav. XVIII B.jpg,Tav. XVIII B
Tav. XIX B.jpg,Tav. XIX B
Tav. XL B.jpg,Tav. XL B
Tav. XL C.jpg,Tav. XL C
Tav. XLI A.jpg,Tav. XLI A
Tav. XLI A.jpg,Tav. XLI A
Tav. XLI B.jpg,Tav. XLI B
Tav. XLI B.jpg,Tav. XLI B
Tav. XLII A.jpg,Tav. XLII A
Tav. XLII B.jpg,Tav. XLII B
Tav. XLIII A.jpg,Tav. XLIII A
Tav. XLIII B.jpg,Tav. XLIII B
Tav. XLIX A.jpg,Tav. XLIX A
Tav. XLIX B.jpg,Tav. XLIX B
Tav. XLV B.jpg,Tav. XLV B
Tav. XLVIII B.jpg,Tav. XLVIII B
Tav. XV A.jpg,Tav. XV A
Tav. XV B.jpg,Tav. XV B
Tav. XVI A.jpg,Tav. XVI A
Tav. XVI A.jpg,Tav. XVI A
Tav. XVI B.jpg,Tav. XVI B
Tav. XVII A.jpg,Tav. XVII A
Tav. XVII B.jpg,Tav. XVII B
Tav. XVIII A.jpg,Tav. XVIII A
Tav. XX A.jpg,Tav. XX A
Tav. XXI A.jpg,Tav. XXI A
Tav. XXI A.jpg,Tav. XXI A
Tav. XXI B.jpg,Tav. XXI B
Tav. XXIII A.jpg,Tav. XXIII A
Tav. XXIII B.jpg,Tav. XXIII B
Tav. XXIX A.jpg,Tav. XXIX A
Tav. XXIX B.jpg,Tav. XXIX B
Tav. XXVI A.jpg,Tav. XXVI A
Tav. XXVI B.jpg,Tav. XXVI B
Tav. XXVII A.jpg,Tav. XXVII A
Tav. XXVII B.jpg,Tav. XXVII B
Tav. XXVIII A.jpg,Tav. XXVIII A
Tav. XXVIII B.jpg,Tav. XXVIII B
Tav. XXX A.jpg,Tav. XXX A
Tav. XXXII A.jpg,Tav. XXXII A
Tav. XXXII B.jpg,Tav. XXXII B
Tav. XXXIII A.jpg,Tav. XXXIII A
Tav. XXXIII B.jpg,Tav. XXXIII B
Tav. XXXIV A.jpg,Tav. XXXIV A
Tav. XXXIV B.jpg,Tav. XXXIV B
Tav. XXXIX A.jpg,Tav. XXXIX A
Tav. XXXIX A.jpg,Tav. XXXIX A
Tav. XXXIX B.jpg,Tav. XXXIX B
Tav. XXXIX B.jpg,Tav. XXXIX B
Tav. XXXVI A.jpg,Tav. XXXVI A
Tav. XXXVI B.jpg,Tav. XXXVI B
Tav. XXXVII A.jpg,Tav. XXXVII A
Tav. XXXVII B.jpg,Tav. XXXVII B